tiempo_dias,Caudal_Prod_Petroleo_bbl,Caudal_Iny_Agua_bbl,Prod_Acumulada_Petroleo,Prod_Acumulada_Gas,Prod_Acumulada_Agua,Iny_Acumulada_Agua
1.0,0.0,0.0,0.0,0.0,0.0,0.0
3.5999999046325684,0.0,0.0,0.0,0.0,0.0,0.0
11.0,0.0,0.0,0.0,0.0,0.0,0.0
21.0,0.0,0.0,0.0,0.0,0.0,0.0
31.0,0.0,0.0,0.0,0.0,0.0,0.0
41.0,0.0,0.0,0.0,0.0,0.0,0.0
51.0,12121.5940185644,0.0,121215.94325684068,107864658.87781288,0.2783406473761423,0.0
57.0,12132.116706137993,0.0,194008.63581567697,172473247.72412997,0.4941652721100412,0.0
61.0,17599.74586273121,0.0,264407.62540899514,234837465.9003285,0.7761028223918905,0.0
71.0,17861.81414535566,0.0,443025.7699337484,392465416.5544461,1.7545425631310392,0.0
81.0,18737.33707024001,0.0,630399.1344937552,557253610.1126554,3.05474015707883,0.0
91.0,12983.268917686084,0.0,760231.8359554027,671193874.8788698,4.0004983369806535,0.0
101.0,18426.06821704163,0.0,944492.5304106056,832469812.945764,5.644865093870847,0.0
111.0,13925.777713031594,0.0,1083750.3167545116,954142047.4126096,6.95083186627078,0.0
121.0,14049.685142482596,14022.55419114364,1224247.0975418142,1076656112.90425,8.256763772790606,140225.54498263306
125.21052551269533,19775.151240495008,42390.10290449837,1307510.9245670212,1149166729.2286923,9.016344338795124,318710.19073075044
131.0,19790.91108618165,42390.10290449837,1422089.852128486,1248771534.7680423,9.982730560506289,564126.5924547968
141.0,26759.655946938517,45127.83210684416,1689686.5098761644,1480592262.9228566,12.239114606625767,1015404.9380928116
151.0,31500.180060882903,46173.04939666024,2004688.2920578136,1752581023.0515854,14.98040956427456,1477135.4259170208
161.0,23986.92431620128,33551.361675939195,2244557.498365466,1959263076.345338,16.94234787876053,1812648.9689676927
166.0,31228.56342782685,40431.91098206613,2400700.2817214373,2093646401.314849,18.32002701830874,2014808.5975867435
171.0,31242.31317529623,40431.91098206613,2556911.859882705,2227949491.3616166,19.71790887341916,2216968.0296492074
181.0,31013.74550589403,47386.731037143705,2867049.259660105,2494112744.071513,22.40133396812661,2690835.297023891
191.0,30725.5321260601,52543.973541780586,3174304.7467653262,2757394885.013357,24.85829279976561,3216275.081580844
192.0,30741.812539581475,26328.444579183702,3205046.393460288,2784058305.923858,25.103256724388395,3242603.639794304
195.0,30738.65534940981,26328.444579183702,3297262.488498777,2864057609.210036,25.869376329971967,3321588.921321512
201.0,30734.822495971846,26328.444579183702,3481671.288341955,3024069211.5797367,27.52010554762905,3479559.484375928
211.0,36389.79234573495,54936.92099291909,3845569.469779824,3342744243.603199,30.73425382072061,4028928.854007345
221.0,30762.048654407416,45313.86370243557,4153189.962466291,3612746059.324719,33.337830801352546,4482067.263763147
231.0,47277.88168494139,48683.74038554301,4625968.699464592,4025935287.682726,38.09542335469385,4968904.907171917
237.6666717529297,28924.85266698772,49193.3655465496,4818800.931824906,4192862914.378955,39.83138127902127,5296860.358077795
241.0,28930.25490192152,49193.3655465496,4915235.131211027,4276317122.137727,40.67699209203666,5460838.476643907
251.0,12923.89040136422,31400.547369872373,5044474.231781255,4389066682.286818,41.684809476570926,5774843.913488271
256.0,39836.34145358509,25341.194590821902,5243655.635000711,4563940391.507879,43.57942590048874,5901549.792770882
261.0,39833.543593423245,25341.194590821902,5442823.279259107,4738730475.598196,45.686485755436536,6028255.672053493
271.0,49578.13120713902,29535.944023413867,5938604.640469644,5169474483.514107,52.33737207866315,6323615.357983365
281.0,49312.23007107661,56283.43803155883,6431726.984177164,5595333201.697406,59.23432003938306,6886449.64002066
291.0,42464.9633232087,61305.42810626405,6856376.482276597,5962676364.710806,64.9226201469284,7499504.129924674
301.0,46453.62778158487,82263.4768474705,7320912.815373986,6365752885.112601,70.76071307306623,8322139.045816818
311.0,51096.0855148179,79813.77368196208,7831873.455538399,6807411102.660147,76.99356874085031,9120276.721212506
321.0,52304.35263558091,88473.7866205993,8354917.608418328,7256597277.078797,82.98391984071604,10005014.083742246
331.0,52051.89412732136,84919.08532218981,8875436.402274102,7702402849.083591,88.61821607409078,10854205.366931677
341.0,51439.58964821253,105223.20258468948,9389832.06534528,8141048301.785626,93.23997715696046,11906437.245361133
351.0,55004.081921590165,101310.43660949642,9939872.872276396,8608577196.60559,97.52230502560246,12919541.78344311
354.0,55778.68685965965,104459.9733590673,10107209.356680514,8750533681.219584,98.7639262539093,13232922.170342203
355.0,55789.82916116042,104459.9733590673,10162999.191984069,8797844033.90424,99.17034394696216,13337381.775157671
358.0,55814.0240484876,104459.9733590673,10330441.030718584,8939695422.070131,100.32194072302502,13650760.589604074
361.0,55837.678405201725,104459.9733590673,10497954.41605061,9081477876.006626,101.4061751191106,13964140.97650317
366.0,55209.66168395455,100173.43660734563,10774002.417350717,9314647906.946714,103.03652466749136,14465008.042834423
371.0,55242.52348827047,100173.43660734563,11050214.739957187,9547654077.833317,104.51619362949366,14965875.10916568
381.0,54633.95972669965,99857.63773906634,11596554.779476505,10007247625.787125,106.86054841504811,15964451.75682165
391.0,54817.57429051567,103126.12807786751,12144730.657514311,10468385978.521055,108.66330486684014,16995713.406143926
401.0,52023.03716345666,89742.41811181365,12664960.906301014,10904341866.207218,110.05137778768004,17893137.316996753
411.0,51005.196520712736,91246.53667851652,13175012.66880916,11330879756.060492,111.1280601591537,18805603.31030604
421.0,53544.57555764364,100667.96683674357,13710458.756074836,11777354329.11125,111.91687782758984,19812282.80668646
429.0,51616.564284838736,96960.50421621503,14123391.122936107,12120730416.646029,112.36478066934464,20587965.857633248
431.0,51632.78634562348,96960.50421621503,14226657.236157969,12206554662.31637,112.46978920219264,20781887.01348312
437.0,41703.5798867822,27705.157623434105,14476878.488210108,12413713322.351906,3038.065363215788,20948118.84987076
441.0,41618.79028925381,27705.157623434105,14643352.48231239,12551813445.36226,5241.397132254781,21058939.025827385
451.0,45570.56967568286,0.0,15099058.707315044,12935113752.412054,5244.251425655352,21058939.025827385
461.0,27611.55676267371,33661.25523500763,15375175.110307274,13165601563.786943,5245.89720316823,21395552.40125817
471.0,44240.28391141786,27024.04605424173,15817576.813078688,13534969246.01292,5249.772285560343,21665792.54853853
481.0,47226.4821375553,39162.67753630544,16289842.53738606,13928711393.712572,5254.910397580953,22057418.181416426
491.0,49350.67838212623,67383.4982933896,16783348.952663723,14338249650.568466,5260.539517168387,22731253.471469983
501.0,47732.799619753634,87477.47813767397,17260676.402188253,14731860710.225328,5265.329432267098,23606029.346192736
511.0,56248.44481675737,101603.28749629456,17823161.599727813,15194500925.104675,5270.345848119857,24622061.79118815
521.0,56302.61458353533,84486.75296765227,18386187.720993597,15657524233.488388,5277.08866039795,25466929.615699552
531.0,50950.756488628256,45705.08501841491,18895695.41487013,16078240006.130833,5335.801878742251,25923980.287754297
536.0,47268.38554485309,49792.35638811549,19132036.627005577,16273539718.571177,5457.434319263624,26172942.00519974
541.0,47216.54681634389,49792.35638811549,19368119.95689945,16468734334.56342,5828.299359847498,26421903.72264519
551.0,41406.61052525625,62561.97750979813,19782186.062152013,16804813564.405975,58247.9166935644,27047522.895788625
561.0,39725.87972313363,59824.25137864901,20179444.22057444,17128867726.461182,94963.75956204656,27645765.66755563
571.0,37162.29044289223,81293.74035809109,20551068.25520374,17432743370.481342,116479.66660788404,28458701.69524044
581.0,36807.23246764373,95739.57455160208,20919140.119200677,17733453690.29585,122171.55224156092,29416098.95178521
591.0,43443.2838072669,55165.76814121781,21353572.631726496,18090290033.672665,129786.27725285877,29967756.240084223
596.0,58522.79493747873,86649.03512206634,21646187.20836844,18331001582.31587,135115.5896930478,30401001.55082721
601.0,58425.13088353049,86649.03512206634,21938312.75222301,18571207989.9666,141225.04751009002,30834246.86157019
611.0,39812.49975387439,76779.56650955675,22336437.33207901,18897340349.527767,153913.35255767245,31602044.062264096
621.0,32249.8714516056,64099.91609417643,22658936.37214191,19161247701.32887,165066.99291652147,32243041.82274018
631.0,58128.53927919434,95604.31905047376,23240221.814073,19639147242.430622,188326.9219853547,33199083.625064023
635.4444580078125,27852.559707372657,47042.551240482775,23364010.00738468,19740433096.734222,194339.26856384845,33408163.22486959
641.0,27835.060028775264,47042.551240482775,23518649.722523205,19867253997.71793,201788.09981608752,33669511.15217386
651.0,51453.01999122874,84580.94656936901,24033179.830299597,20290580230.52284,228559.3894559932,34515320.87584808
661.0,46610.28030987852,63433.2944308497,24499283.112505056,20674419580.645145,258239.45859650403,35149651.43690796
671.0,45064.55009956103,79091.60021335814,24949927.612290557,21045145606.21107,294385.158373695,35940569.98199238
676.0,51853.746660886376,79491.9368410393,25209196.75713534,21258669946.80728,315730.1226131564,36338029.41435945
681.0,51628.83064431891,79491.9368410393,25467341.598304987,21471294752.21331,338672.5268011846,36735488.84672652
691.0,52771.73962885321,82608.8636244208,25995058.29436068,21906113790.149067,392710.2812616935,37561576.868731394
701.0,51907.94713963098,87163.49127542703,26514137.50777647,22333478890.75512,465064.2840888956,38433212.55542722
711.0,57425.781915906766,97059.53188148256,27088397.23107747,22805877254.337017,586654.7290670711,39403805.83496746
721.0,51474.266529757486,77262.02079366773,27603139.619967345,23229782082.641136,699287.5990041272,40176427.32052195
731.0,55583.00249295003,85483.05530818427,28158967.05280685,23688626394.62624,802333.4705707439,41031256.63284034
741.0,52165.915374707605,85998.72151303098,28680628.23354373,24119074324.376537,922595.5369977836,41891246.73489552
751.0,51377.053941719,94490.26702980416,29194398.846669644,24542683074.515045,1069731.5078877008,42836149.2823457
761.0,47820.9214656636,95275.23418542148,29672606.869701978,24936374369.094646,1234419.39228789,43788901.51363683
771.0,46955.08355946246,95524.61535462269,30142156.9682094,25322600425.651203,1421693.004380216,44744147.65489827
781.0,39239.902776447845,78367.62088111514,30534556.247812003,25644878118.71273,1595387.3081332855,45527823.48288103
791.0,36847.1610954859,78071.74793679861,30903029.087245528,25947133243.307365,1773201.0448275318,46308539.95489652
801.0,27899.635009854373,30122.858919692822,31182026.223570418,26176489855.27852,1895405.581721275,46609768.42738797
811.0,41684.5169690823,70365.16957564277,31598870.852730628,26519438776.604893,2094010.8775855163,47313418.992944025
821.0,41867.19481791549,88096.39797439931,32017542.671919525,26863246550.62541,2327750.8598543904,48194385.61391715
831.0,36389.75549137497,88225.01354833781,32381439.674017876,27161230013.13601,2561947.0499606766,49076635.35628735
841.0,39495.56761402569,50079.17237346683,32776395.761698484,27486188230.658737,2798067.332492823,49577426.94488937
851.0,34574.44485139034,82197.05914839238,33122140.369914617,27769652562.36096,3032293.2026436795,50399398.28574528
861.0,36778.24037112576,95903.81600685504,33489921.33016344,28070580985.557007,3309631.204821396,51358434.03799565
871.0,35632.250976336414,101392.55426592624,33846245.40009471,28361512815.42095,3616712.346234336,52372360.9688358
881.0,34124.40704807884,99480.24909286636,34187489.6487049,28639778828.184937,3936889.6598967616,53367163.73002977
891.0,31321.13236650779,92498.86011543951,34500700.21071321,28894914581.812428,4250926.152681802,54292149.59167674
901.0,33675.247607013545,86129.75104754821,34837453.534433626,29169697720.88779,4592456.587682032,55153451.11927746
911.0,32640.38332115531,81262.34044338773,35163856.974532,29436174850.35532,4934017.685509766,55966069.51151838
921.0,31221.2939053207,81320.91430618336,35476070.601533264,29690969323.04382,5284636.1108463,56779279.14597168
931.0,30055.19738596535,80685.69255756,35776622.91936694,29936169507.08326,5622391.086931838,57586136.07154728
941.0,30811.7713284144,79805.92370328624,36084738.73465155,30187693559.118008,5975341.066498175,58384199.841666415
951.0,29615.62929208497,79168.8899486305,36380894.474757,30429345325.447437,6329346.5549343545,59175885.74366478
961.0,24036.83586880316,68513.25027141087,36621262.73823793,30625066553.749508,6628164.064335033,59861022.25121934
964.2999877929688,0.0,0.0,36621262.73823793,30625066553.749508,6628164.064335033,59861022.25121934
966.9400024414062,0.0,0.0,36621262.73823793,30625066553.749508,6628164.064335033,59861022.25121934
971.0,0.0,0.0,36621262.73823793,30625066553.749508,6628164.064335033,59861022.25121934
972.0889892578124,23162.797867506364,56066.66682854704,36646488.02433102,30645491426.89945,6653530.084944097,59922077.44436373
972.960205078125,23651.184167975876,56066.66682854704,36667093.44441354,30662216453.048573,6673188.1022793865,59970924.114803545
975.225341796875,23449.484862597765,56066.66682854704,36720207.751460806,30705405442.87067,6724898.995298595,60097921.68406062
981.0,22726.29482789769,56066.66682854704,36851444.65317685,30812187954.4168,6862645.064935248,60421683.4036356
982.0,24681.72420892973,67386.36064868141,36876129.01554372,30832289627.737103,6890901.253593127,60489072.43622538
985.0,24018.8325139527,67386.36064868141,36948185.08772484,30890947006.60847,6978533.255919806,60691233.24418395
991.0,23294.81325615307,67386.36064868141,37087954.11775039,31004622941.09444,7160078.422853355,61095548.57029032
994.0,22762.197116912,51733.28204289688,37156239.4483749,31060159068.464188,7240409.527328756,61250749.65104007
998.0,24104.00908226089,51733.28204289688,37252655.95766823,31139209678.544136,7339407.217716825,61457684.42537307
999.5,24319.554877803337,51733.28204289688,37289133.71522884,31169066110.358986,7376103.546201698,61535281.82084256
1001.0,24121.970975956378,51733.28204289688,37325318.996588655,31198682967.47494,7413221.29200816,61612885.50612282
1005.5,30195.54185996764,87392.30771175912,37461197.778652966,31310046780.10272,7556039.307804473,62006149.634706296
1011.0,29114.13358865074,87392.30771175912,37621326.92614101,31441159684.41848,7739207.245916681,62486804.39412816
1021.0,29501.45141366881,79201.76403773308,37916341.06559171,31682788849.361217,8102922.629729047,63278823.65609733
1031.0,29260.070711780067,81805.10074521342,38208939.91770672,31922462994.35545,8486789.781022148,64096876.44484353
1041.0,28834.227795795745,69730.50678481245,38497283.71283583,32158828296.33855,8871801.677875387,64794177.44642727
1051.0,24267.86970912739,73377.60196369297,38739963.48177474,32357374697.976624,9222002.617022062,65527953.06066624
1056.0,26124.9133049949,68144.8725162261,38870587.12694071,32464353841.586933,9406288.56899864,65868678.39988791
1061.0,26049.47857250821,68144.8725162261,39000833.38346049,32571048207.724976,9591098.933948165,66209403.739109576
1071.0,26389.32798187144,92003.10754976892,39264728.68412661,32786918572.259403,10005321.49824363,67129433.22986978
1081.0,25521.202034154845,76489.15415291065,39519937.75611936,32995768946.08853,10411055.96290498,67894324.53798795
1091.0,25377.652766432584,79164.28315363295,39773715.896161936,33203482470.16726,10827517.699834568,68685966.41131093
1101.0,24578.401475126157,77533.5391484305,40019499.68671584,33404641592.10647,11243080.78005039,69461305.09511805
1111.0,24215.166438756987,78380.99287139473,40261651.11155007,33602760827.536137,11675140.46146323,70245116.15403236
1121.0,24073.271010438853,77655.5147951792,40502384.18405566,33799738692.938065,12110373.352409534,71021668.77131811
1124.300048828125,17643.94498953612,60149.98863933639,40560608.96235356,33847262628.72692,12221001.68913768,71220162.61959776
1126.5,17851.164770919637,60149.98863933639,40599882.54080144,33879324955.88252,12294094.007643158,71352493.9483878
1131.0,18054.68222472345,60149.98863933639,40681128.026517525,33945675846.78248,12442278.018252626,71623169.66506398
1141.0,20052.448051783053,42046.67555102037,40881653.4836759,34109874921.0708,12777770.234913656,72043637.22522771
1151.0,20549.96348433939,82817.72342482345,41087151.03624795,34277706038.199883,13154756.333224377,72871816.6093136
1161.0,22389.230993909656,80417.03655808904,41311043.14041687,34460558036.92181,13572924.181325324,73675981.49587965
1171.0,22632.314674349163,75099.18582385394,41537366.2564484,34645414778.64296,14001272.874383865,74426978.61200687
1181.0,21527.405606151387,75258.63621230944,41752641.31986242,34821102137.78479,14429859.007798972,75179560.76044814
1191.0,22365.810048142062,76862.0588519797,41976300.70103285,35003655798.20244,14880102.532147884,75948181.92635292
1201.0,22059.441289222763,78006.81669690636,42196893.7994529,35183623859.98297,15339431.688154057,76728250.54785909
1211.0,21568.562712659572,78257.75189162004,42412580.84547235,35359482989.663635,15808436.145577185,77510828.80386248
1221.0,21294.83156069964,77345.10280585037,42625528.67890147,35533066159.70481,16278322.748960804,78284280.54443862
1231.0,21083.047981071875,76273.4517263383,42836359.991006486,35704888681.72299,16744528.240591282,79047014.44746266
1241.0,20816.053498996705,75422.85924038242,43044518.13353425,35874489487.42974,17215396.054455023,79801244.52632567
1251.0,19688.88900416572,75919.76657599908,43241408.08006757,36034767221.12769,17677057.157804176,80560437.26588622
1261.0,20473.15132014843,75990.12769159512,43446138.27572568,36201479569.61572,18155240.021593425,81320340.75406377
1264.300048828125,12409.547114480964,48871.92488999662,43487091.23364915,36234671966.10572,18260506.294640142,81481617.79201734
1267.6500244140625,12862.127868631116,48871.92488999662,43530179.58232904,36269643091.72806,18365170.31830564,81645341.56636044
1271.0,13149.393016494712,48871.92488999662,43574230.27205673,36305416566.57783,18468444.29379096,81809059.05089277
1272.0889892578125,1910.721971179065,11275.693553313526,43576309.05451621,36307059687.390045,18477004.72624893,81821343.05132657
1274.2669677734375,2018.3566651003564,11275.693553313526,43580705.632244445,36310535780.66266,18493792.23119406,81845898.47257265
1281.0,2714.5057729137184,11275.693553313526,43598983.82234206,36325165658.2658,18538934.20309035,81921816.48856656
1291.0,7290.525652340497,22424.35780576604,43671889.018977135,36384214041.12687,18660610.592436,82146060.8221386
1292.0889892578125,6501.047676621387,22068.42761066467,43678968.20099877,36389941232.51361,18672938.6215452,82170094.18909077
1294.2669677734375,6601.430507417354,22068.42761066467,43693346.70841899,36401576426.38059,18697277.044319715,82218160.9229951
1301.0,6773.064333043063,22068.42761066467,43738947.83650149,36438482230.70343,18770866.257876024,82366745.12281482
1311.0,7740.269388571318,22325.97202060151,43816350.24783711,36501185257.79195,18885534.2255712,82590008.24590674
1321.0,20867.84923075259,66322.8482403317,44025030.44465879,36670917151.54149,19247061.541461952,83253231.05273862
1331.0,22006.916148258933,76407.95171308702,44245098.34387954,36849784525.79032,19699717.20824116,84017310.97526745
1341.0,20879.3385774765,73160.62191930797,44453891.75729508,37019383071.358406,20149227.969635364,84748916.60479076
1351.0,21270.544537472517,75190.59077899884,44666597.43300956,37192166152.31082,20612400.20002201,85500825.74347965
1361.0,20941.97870465664,75330.69877085793,44876016.68259671,37362241587.13802,21079475.25799144,86254131.22015947
1371.0,20281.20459978015,74422.8161823124,45078828.48596997,37526919810.82413,21541839.24769414,86998360.49989818
1381.0,17187.41467647473,68717.71826058252,45250703.855070986,37666255099.61698,21972581.21375066,87685534.90614222
1384.300048828125,5254.730348676465,25668.273964451902,45268044.86336388,37680087148.27004,22031982.186662544,87770246.07759258
1387.5999755859375,5959.051334966121,25668.273964451902,45287709.95673628,37695878737.14894,22088011.8210017,87854950.95923217
1391.0,6407.389230923522,25668.273964451902,45309494.71633818,37713424193.634834,22143535.12557388,87942222.08366592
1396.0,0.0,0.0,45309494.71633818,37713424193.634834,22143535.12557388,87942222.08366592
1398.857177734375,0.0,0.0,45309494.71633818,37713424193.634834,22143535.12557388,87942222.08366592
1401.0,0.0,0.0,45309494.71633818,37713424193.634834,22143535.12557388,87942222.08366592
1403.1214599609375,11985.378768478256,39164.790519610986,45334921.27637591,37733964333.856895,22191859.741719782,88025304.19412684
1405.2427978515625,12050.21403347473,39164.790519610986,45360483.06734519,37754642342.53774,22239970.50429952,88108392.59439854
1409.0614013671875,11799.723394478311,39164.790519610986,45405543.27170146,37791080298.156136,22327938.22527605,88257945.42507684
1411.0,11674.493047063846,39164.790519610986,45428174.01085193,37809380640.95741,22372944.96624078,88333869.73088151
1416.815673828125,19915.947180407056,68701.52691176443,45544000.87618147,37903291662.78472,22612486.11960546,88733417.38042422
1421.0,19192.63736903705,68701.52691176443,45624306.035187446,37968372355.752815,22789173.19394553,89020886.8918563
1422.0889892578125,8932.20849226464,37425.76840478593,45634033.22754326,37976192435.54686,22815090.359223317,89061638.57583512
1424.2669677734375,9313.180457173576,37425.76840478593,45654317.867276505,37992528717.84495,22865721.76346912,89143154.52341433
1431.0,9808.224344213722,37425.76840478593,45720357.73545612,38045822787.65525,23017425.70943075,89395143.21229284
1434.300048828125,6965.179969227916,24318.85310936537,45743343.848915085,38064324282.79805,23065357.212403536,89475394.90790726
1441.0,7446.056426052239,24318.85310936537,45793231.48303734,38104559271.38003,23158034.429194104,89638332.45590411
1451.0,17029.866894353225,58209.1766188316,45963531.25454047,38242491014.05956,23498869.84010425,90220422.99361376
1454.300048828125,12423.048095020476,45077.66718051741,46004525.09623395,38275606565.834816,23587529.440265477,90369177.01832429
1457.6500244140625,12465.17723527315,45077.66718051741,46046283.149935976,38309341395.60532,23677325.92372338,90520189.0851012
1461.0,12481.074517010558,45077.66718051741,46088094.66702955,38343121428.14921,23767045.356999356,90671201.15187812
1462.0889892578125,5403.912191082405,21827.81931473718,46093981.92991027,38347822516.58031,23783370.560852885,90694970.34677796
1464.2669677734375,5823.884130741922,21827.81931473718,46106665.33332798,38357997660.86725,23814690.673582103,90742508.73657762
1471.0,6390.939901585572,21827.81931473718,46149693.92880555,38392632025.82794,23906007.718793653,90889476.45502944
1481.0,11728.19599194872,36819.1118563441,46266976.88532835,38487435802.42942,24136112.583550643,91257669.3978837
1491.0,14868.40014265371,58239.69202889543,46415661.72212038,38607557652.3988,24461435.748649277,91840061.8465103
1501.0,14074.901202700898,58663.1240554977,46556408.817720674,38721757939.05593,24833434.027019385,92426693.6275959
1506.0,15577.932565784356,63213.74686605272,46634298.68939097,38785059902.891685,25035612.13195757,92742762.90859915
1511.0,15198.72423556032,63213.74686605272,46710292.18311411,38846802371.04596,25240509.007601097,93058832.18960243
1521.0,14704.349101593984,60542.40157962176,46857335.37929517,38966210017.196,25645193.8600902,93664257.92526878
1531.0,14687.039837189825,60581.16622392788,47004208.75058544,39085423291.420525,26054390.07935409,94270067.33939213
1541.0,14251.6439639789,58704.222809269246,47146723.2830121,39201033904.60699,26457695.890831877,94857114.24798852
1551.0,11584.394886099928,55685.709451822266,47262569.01777395,39294748294.37011,26845858.982880883,95413970.06488892
1561.0,15160.658288495491,62310.79047695792,47414175.47166865,39417663675.73413,27264760.380162884,96037076.45862974
1571.0,14751.273915439117,62630.70474876838,47561687.25875208,39537206930.2043,27688986.10226169,96663384.3660525
1581.0,14528.21443725566,60887.51809126553,47706969.30791754,39654933033.18475,28105673.48615265,97272256.9180208
1591.0,14404.813755254392,58838.599948151365,47851018.55417208,39771660154.8736,28525449.16713168,97860643.55631123
1601.0,14698.063897618982,63753.78608763319,47997998.85224544,39890751381.61001,28951615.29585303,98498185.0657692
1611.0,14105.897255042804,59756.42092910496,48139057.29347885,40005010431.87252,29362720.472685613,99095748.53797305
1621.0,14308.73443878531,60388.847888763135,48282144.19868557,40120896781.97657,29785166.17833651,99699633.27000074
1631.0,13867.601570204091,60965.188654924365,48420818.80163715,40233148829.1012,30208712.600872155,100309285.75850454
1641.0,13179.89153497688,57992.89680728622,48552618.64141712,40339777651.21784,30614587.800049484,100889218.89112008
1651.0,13891.432520726465,60441.86288559504,48691532.25717795,40452156266.10791,31031690.311451264,101493631.96725246
1661.0,13539.513308469632,61998.2777891102,48826929.86871835,40561614781.8379,31456007.23580623,102113618.61485136
1671.0,13614.482754661569,58208.021848885546,48963072.822835006,40671651893.06709,31882371.49356684,102695696.57293949
1681.0,13362.326759273532,64910.1530559537,49096696.707738265,40779559953.67028,32312292.63931788,103344798.7545927
1691.0,8061.5910362535315,38322.29370806414,49177313.21237736,40844489217.347565,32578659.83561661,103728024.34518726
1701.0,0.0,0.0,49177313.21237736,40844489217.347565,32578659.83561661,103728024.34518726
1706.0,0.0,0.0,49177313.21237736,40844489217.347565,32578659.83561661,103728024.34518726
1711.0,0.0,0.0,49177313.21237736,40844489217.347565,32578659.83561661,103728024.34518726
1721.0,0.0,1637.0553143490968,49177313.21237736,40844489217.347565,32578659.83561661,103744390.4328108
1731.0,0.0,0.0,49177313.21237736,40844489217.347565,32578659.83561661,103744390.4328108
1732.0889892578125,13977.488986879189,40207.67369996163,49192534.55444076,40856612601.16701,32599670.948493797,103788180.09539154
1734.2669677734375,13113.559829405369,40207.67369996163,49221096.58514733,40879458082.83124,32644287.721190788,103875753.13074224
1741.0,11757.674873138098,40207.67369996163,49300260.14349855,40942931817.20582,32795092.22421231,104146466.58628304
1751.0,13563.81261648342,49642.193298375074,49435896.767848216,41051920224.0927,33120778.62588291,104642889.9013053
1761.0,9749.805576849682,34552.51650720196,49533395.12459398,41130206907.30259,33391460.63236986,104988414.36614448
1771.0,16806.670747918175,47116.55786652022,49701462.01327377,41265598254.11839,33789225.120559275,105459584.09092516
1781.0,15309.99676193135,80440.50050060994,49854562.29722634,41388617601.86117,34203906.05481461,106263987.99030048
1791.0,14941.271961523424,64370.08926479991,50003976.75206769,41508617404.34244,34627672.6207272,106907687.22450228
1801.0,14558.944831086044,63461.58015213472,50149563.85705549,41625498215.460754,35053181.46422309,107542303.9719522
1811.0,12808.537790223683,55319.89307465613,50277649.563575774,41728248639.62174,35430928.62963697,108095505.40879524
1821.0,13578.571252057263,62222.42600651141,50413437.14338392,41837146640.96187,35835501.83798491,108717731.22902824
1831.0,14659.162585061264,61752.29336342056,50560027.47318954,41954687412.57148,36263246.70920953,109335252.27080531
1841.0,14256.169372264834,59965.790548154,50702589.179196976,42068919341.16997,36704083.82155191,109934910.24999556
1851.0,13377.619783067095,68666.65654482957,50836364.01955872,42175945947.69232,37137675.07188725,110621568.89175647
1861.0,13058.07405485644,63704.431957226014,50966946.78095469,42280319151.4175,37572036.8240419,111258613.5061636
1871.0,13264.223524202189,64089.87328108175,51099589.45537783,42386238289.99215,38013839.42233747,111899520.06438354
1881.0,13004.28204526828,64040.68499529448,51229631.29304759,42489983175.16741,38458576.21735725,112539923.43774186
1891.0,13138.04340921906,64067.45968782029,51361012.86041135,42594686359.13824,38909716.03974088,113180603.56277406
1892.0889892578125,4203.497736292325,21588.083238662563,51365588.69774652,42598311621.56299,38927833.83966387,113204102.29581076
1894.2669677734373,4450.410431173971,21588.083238662563,51375281.29614309,42605996093.03691,38963314.66221744,113251124.9211273
1901.0,5088.045372576885,21588.083238662563,51409538.75050189,42633217203.16394,39066860.672018565,113396482.448022
1911.0,6588.326479046799,22526.479701673587,51475424.51831765,42685548453.90134,39156462.1713426,113621745.73093878
1921.0,10849.34849667447,50601.13760267354,51583917.464289375,42771908352.43618,39447689.84470976,114127761.00738528
1931.0,6290.635386304563,31085.371954516067,51646821.86180014,42821870977.84867,39623065.49350428,114438603.45563868
1941.0,14689.16510528203,68128.03007371502,51793714.10252272,42938647822.58824,40086976.7766564,115119890.599002
1951.0,13935.315314274872,65828.42857401371,51933068.00503746,43049227367.09794,40558624.52705562,115778169.61456864
1961.0,13449.519568192323,68499.7738604447,52067563.02873237,43155797425.6092,41038678.60954894,116463167.74628627
1971.0,13334.312838893378,46375.55489116291,52200907.01705637,43261373023.106186,41490604.65827883,116926928.07397991
1981.0,12473.70671621113,80081.83386928002,52325643.39934162,43359991913.7806,41969520.28502279,117727746.78121632
1991.0,12330.367825460427,64866.3700762969,52448945.70477132,43457399370.12855,42440419.54794037,118376414.96592642
2001.0,11043.857362860555,60732.72363695423,52559385.347176366,43544595519.97085,42876693.40256912,118983733.93463454
2011.0,7618.129432801047,42600.1236172404,52635567.535222605,43604665485.510216,43149086.23758551,119409742.81808664
2021.0,11633.189290914905,62325.79020146997,52751897.58541376,43696472318.23687,43597571.7598242,120033000.16728592
2031.0,10211.548478450812,61128.30605219792,52854015.80817009,43777032700.94758,44032524.75419124,120644281.71677916
2041.0,8030.532024379992,31691.122499941717,52934317.82227068,43838644081.05907,44254617.97247994,120961187.54261485
2051.0,15202.46648869667,65807.71028131136,53086342.54858158,43953942795.10923,44688567.74202917,121619265.28423686
2061.0,17186.722121626764,76525.36356159147,53258211.62787183,44083774200.79978,45202052.16876504,122384521.40137967
2071.0,13869.854292957898,74842.53206094996,53396908.2451611,44189919353.2413,45721386.11951701,123132945.98490198
2081.0,14092.669611006482,64272.898175138085,53537837.74527372,44296539134.80328,46195527.77988654,123775676.5882452
2091.0,8853.315592333118,41999.02900595896,53626373.12167224,44363190624.14619,46483698.60521947,124195659.83297963
2101.0,14240.575371198098,66296.8720589388,53768774.43750504,44470542690.63685,46923035.597693205,124858631.04738072
2111.0,16615.00504204475,73238.85144075984,53934926.07880536,44595207419.33052,47444011.18905615,125591016.61343952
2121.0,13612.658463842534,65019.972906302166,54071050.1634897,44697221038.28548,47893493.64630189,126241219.5119775
2131.0,12261.102359274635,54340.2489048353,54193663.73464008,44788914864.07869,48306426.01316316,126784621.42364088
2141.0,13264.109889925585,58767.65530518896,54326303.26415784,44887701005.0146,48682607.01569532,127372303.60312504
2151.0,15290.258180965144,73220.04957477648,54479208.56397654,45002118264.98393,49182502.30626261,128104500.47486076
2161.0,15625.763382645671,74396.5758780063,54635466.332935646,45118922231.38751,49705119.53823652,128848471.8723579
2171.0,13950.737328328369,65791.19338564678,54774974.33581425,45223092022.63251,50174276.52357082,129506373.49927837
2181.0,11039.022531510618,58782.24963174123,54885360.51482775,45305189299.638,50567861.43250357,130094206.63422102
2191.0,14031.669502845476,72482.55083481398,55025679.90329568,45409856321.39013,51052242.90480666,130819031.84773429
2201.0,12909.603194478455,65679.0824225862,55154771.97953915,45506165350.34503,51506876.71707303,131475813.88833769
2208.0,15015.77151462561,74202.46396398917,55259887.29712739,45584447513.27759,51851064.59712359,131995239.04134582
2209.0,17773.21933515928,74202.46396398917,55277656.01255265,45597569878.38864,51900269.786777295,132069433.64918874
2211.0,17244.506686879475,74202.46396398917,55312149.33481533,45623055202.01803,51998834.26644858,132217848.02411766
2217.0,15970.413072396355,57521.87351716251,55407968.31208551,45693621251.5353,52179936.78794919,132562969.94106756
2221.0,16003.718664630373,57521.87351716251,55471986.00610257,45740650216.955696,52300540.76455855,132793063.7986557
2231.0,11134.9766967156,43572.5934716517,55583334.52616387,45823081994.48417,52645907.98412848,133228784.14993668
2241.0,13735.609215532377,60320.87616417249,55720691.41375914,45924837957.63088,53051144.76751266,133832002.16202275
2251.0,16608.411182804914,68921.17275485469,55886773.867140986,46047766899.82691,53566066.41600948,134521214.4669563
2261.0,16510.605853810077,72488.85293037065,56051881.39985349,46169809867.66478,54088579.86610569,135246102.57857725
2271.0,16365.144766163832,72921.47397739471,56215529.69646735,46290668522.84019,54617018.31794724,135975305.50038642
2281.0,9060.089282401035,51885.74853013609,56306134.4206092,46357862445.46361,54945384.17900586,136494164.57042527
2291.0,14362.738360943356,71803.3986890939,56449762.24954215,46464477706.748245,55429391.40756813,137212209.36792845
2301.0,15659.463623651149,78032.2277781129,56606353.37847207,46580418300.18034,55968811.8690141,137992523.29205465
2304.0,15417.473289224392,74608.75257080719,56652608.64687465,46614555434.6339,56122289.54161287,138216352.49811587
2305.0,19873.414177792933,74608.75257080719,56672478.15909708,46629648640.66415,56173476.02165913,138290962.2334696
2306.0,22070.0015989555,74608.75257080719,56694549.10508901,46646568038.73879,56224662.501705386,138365571.96882334
2307.0,23805.411986502477,74608.75257080719,56718356.03885346,46664933925.561455,56275842.69194088,138440181.7041771
2309.0,22767.98785822393,74608.75257080719,56763894.26882826,46699947993.8185,56378190.49279032,138589401.1748846
2311.0,22485.727993125183,74608.75257080719,56808866.41583376,46734496473.50978,56480569.74269361,138738608.0659705
2317.0,21681.70866899628,83088.98379906635,56938952.2821789,46833684919.12874,56804400.65018706,139237151.04722226
2321.0,21494.28275011894,83088.98379906635,57024933.9954048,46899215379.691925,57021348.8032659,139569504.64830905
2331.0,16001.611823718156,24153.65344075292,57184946.7813936,47020987130.889534,57303786.46608198,139811033.38187706
2341.0,17171.84678057965,80509.78669737322,57356664.90522537,47151347409.02858,57611697.86251656,140616141.7400586
2351.0,18599.95169422448,85532.2374515782,57542667.18931581,47292502109.44981,58162207.26035004,141471455.3678063
2361.0,18946.69440450239,81010.6988734411,57732135.15914052,47436328293.77757,58715232.58249152,142281570.41536075
2371.0,17263.144243841263,73054.81919419738,57904765.30553394,47567099917.154335,59229978.11628678,143012119.3566747
2381.0,17487.109725040904,81231.5179136574,58079634.62456148,47699340630.66583,59767568.24279868,143824435.83799866
2391.0,17289.892831195422,70634.18183392688,58252535.23281801,47829890760.45305,60287603.50745151,144530769.0078481
2401.0,16323.043266681145,79223.6800971348,58415762.11211028,47953081878.734665,60796166.15725986,145323008.41319424
2411.0,17049.7267875877,79451.61202882734,58586260.012652665,48081873620.637566,61344669.10545771,146117524.7300391
2421.0,16833.67424459553,80820.75150210176,58754600.50810095,48209074224.917625,61903808.12366763,146925727.6751195
2431.0,4248.636649276736,31408.61847470809,58797081.89004153,48241109430.4092,62119573.79232171,147239815.6657302
2441.0,10683.285053999978,74065.7895700016,58903920.61578075,48321742137.5573,62623507.14140334,147980478.62276232
2451.0,17519.923925808514,80356.74896755432,59079117.00496833,48454389676.02918,63166638.59120361,148784039.68749443
2461.0,16866.02623026505,81350.75405298088,59247778.28076587,48581951902.496254,63728928.8046093,149597551.2328647
2471.0,13754.667526437275,70093.05540872698,59385323.86268424,48685592821.29275,64227421.46737488,150298487.7450735
2481.0,16002.834159990842,78280.04877940821,59545349.22829458,48806722693.10841,64774232.4564756,151081279.85464308
2491.0,15432.043046203336,79555.47990003896,59699669.73553653,48923558301.45336,65312231.42068755,151876840.28007576
2501.0,15186.183003978633,77626.98952055431,59851537.21657818,49038486352.76184,65844978.39290655,152653103.5660661
2511.0,15408.645134410735,80463.41162773113,60005618.71101087,49155123068.90393,66402783.97123323,153457746.47825062
2521.0,14902.210946739126,65928.2240384475,60154643.19758448,49267836184.316986,66932323.13995953,154117019.28391895
2524.0,4130.941098980359,35005.58558162185,60167034.12480138,49277188638.12848,66989050.94329416,154222033.96453488
2531.0,4488.378867744683,35005.58558162185,60198451.72959753,49300965296.924255,67117885.13729607,154467084.99213406
2541.0,4885.5763485346015,33803.46392538559,60247310.97965889,49338533321.87705,67308107.88441318,154805112.0025354
2551.0,5671.128951016209,36521.4699027485,60304019.91356121,49381778815.16587,67504004.04084483,155170323.5750847
2558.0,7162.844489987329,31195.167235291217,60354162.28501965,49419685860.91898,67648002.9686132,155388693.22539756
2561.0,23571.610997983043,31195.167235291217,60424878.62750676,49474037675.62629,67714882.52653062,155482285.60965517
2567.60009765625,20523.9074518332,41957.54635260427,60560335.99224948,49578198426.316605,67873215.93304382,155759200.81861517
2571.0,20137.127086231507,41957.54635260427,60628800.58248093,49630882258.68633,67956599.95442171,155901853.72687876
2581.0,17896.569342415576,42229.50388849015,60807764.56831974,49767245465.12971,68212739.91840842,156324151.62197658
2591.0,14524.079070946187,36457.11604782927,60953008.87862058,49876627136.14496,68456627.33101518,156688721.63382733
2601.0,13677.172020988344,53312.3132386534,61089780.81381423,49981402644.55319,68701823.02426209,157221845.9946925
2606.0,19972.524765370406,66024.14979508333,61189644.13940952,50058731028.96751,68847501.33150606,157551960.4231452
2611.0,19584.0859535696,66024.14979508333,61287563.91347688,50134631005.74315,68995840.22870573,157882087.43121943
2621.0,17455.838800597478,53097.14520030076,61462118.74196592,50268856121.00584,69292448.83518663,158413060.67680126
2631.0,15508.489737991156,53693.221476231534,61617206.60612181,50385827337.67092,69593384.83147728,158949984.08337155
2634.300048828125,19581.994468640703,54730.62257053509,61681828.12197279,50434958232.05329,69688360.97410429,159130602.28944287
2641.0,19249.402296996966,54730.62257053509,61810794.40200087,50533102493.60726,69884244.55091439,159497298.25733387
2651.0,22266.71788774458,54868.095475655566,62033466.28288041,50703322577.30927,70198112.39814816,160045983.61004406
2661.0,17576.27117102199,56952.541221790896,62209228.755037285,50834704438.12661,70504470.21132255,160615500.81602448
2667.15380859375,19862.96596673847,72405.63578553475,62331458.6477307,50927080825.797806,70708870.19191524,161061071.01097128
2671.0,19541.70651078872,72405.63578553475,62406621.8864322,50983909752.48612,70838314.49756184,161339558.67262378
2681.0,22845.919473599297,55501.71405961977,62635080.39322014,51159133783.20083,71179656.23823898,161894571.5749686
2691.0,16487.19105043582,54677.06704309014,62799948.91312338,51282257097.32239,71506267.24209276,162441344.8252047
2701.0,16421.894338140424,53785.20995874278,62964169.58251731,51405696830.85757,71833004.04216194,162979199.12376893
2711.0,17761.40751278554,53215.81623943787,63141787.54885134,51540622589.10759,72177842.9176272,163511354.85377556
2721.0,15938.17318540511,54838.93139212435,63301165.06395237,51661291392.63483,72514718.89265762,164059750.87519032
2731.0,18446.407216955853,69405.50661132469,63485632.63421493,51803928744.02279,72872514.77830908,164753806.33441675
2741.0,19759.286974121747,71756.38481054548,63683220.74974371,51957030537.4473,73258117.9173747,165471360.52667987
2751.0,15305.413000908778,54129.147130867175,63836277.00502089,52072618549.24707,73615335.14043531,166012661.64154607
2761.0,14451.328564344742,56939.96774264423,63980791.69727241,52182131308.30511,73964469.95665647,166582053.0513111
2771.0,17904.006245139968,57163.45258156579,64159831.16084046,52320949025.3428,74329398.4877211,167153696.2133318
2781.0,15751.955782415464,55120.16701313531,64317353.18176434,52442458600.45483,74685565.31238312,167704897.49034995
2784.0,13847.753961756276,56738.33139679775,64358891.09208942,52473720838.52168,74789196.23462965,167875112.3494077
2791.0,13621.399089551234,56738.33139679775,64454244.623362616,52546587709.20378,75032492.405024,168272276.16066858
2796.0,6193.323752173634,27274.274873722457,64485209.361783326,52570811875.45598,75130512.81606369,168408651.83778372
2801.0,6431.186014382994,27274.274873722457,64517362.87443957,52595899414.67967,75226897.87630317,168545014.9352773
2804.300048828125,17776.685180595778,58194.56386509934,64576027.93949136,52641504492.73871,75337988.5141229,168737055.43770695
2805.949951171875,17697.7001447643,58194.56386509934,64605231.53089647,52664205325.52814,75393716.2375451,168833088.2685433
2811.0,17372.558696229946,58194.56386509934,64692961.81151643,52732420830.82986,75566572.81712624,169126960.80733925
2821.0,17851.48110417614,55208.08923126205,64871479.22079057,52872129042.50306,75915179.28924273,169679042.65786523
2831.0,12253.138746322187,53048.48516033988,64994004.734590165,52965305519.26301,76239809.00270396,170209525.29820704
2841.0,13116.02907152406,57930.47780626597,65125166.15857698,53064683816.53014,76601731.00422055,170788829.44974557
2851.0,16016.335140530353,52321.0353758654,65285329.90002426,53188222996.16676,76977572.35697111,171312041.06883726
2855.21044921875,13421.393549133896,55748.76726174885,65341843.84979271,53233027985.13705,77126854.7257863,171546776.80677366
2861.0,13380.492887547238,55748.76726174885,65419309.15923603,53294390749.994965,77332493.79910068,171869532.15662545
2866.146240234375,11482.230761238236,59612.73806432777,65478395.64160941,53339417232.5548,77520666.06790677,172176311.3871214
2871.0,11309.677880010517,59612.73806432777,65533293.11000997,53381238838.48228,77699315.56320707,172465655.26216295
2881.0,15280.82039361348,72006.10995377315,65686104.06266712,53496605356.6925,78129538.61987507,173185725.37873408
2885.0,17347.276605283343,55924.42128380909,65755493.25508176,53550383096.177925,78294841.13672145,173409416.2089584
2891.0,17019.6567010403,55924.42128380909,65857608.33293271,53629560274.02333,78545527.83477058,173744965.03391632
2901.0,15178.756850442567,74035.16973925116,66009394.04643435,53747073923.96892,78951547.69959562,174485313.50040996
2911.0,13097.743166580418,54666.71096793562,66140373.06590883,53846095119.32639,79372726.00837635,175031986.11367375
2916.333251953125,11984.13186263225,55344.10024676997,66204290.12295357,53894403323.23332,79589680.45126596,175327154.3534883
2921.0,11775.344235351233,55344.10024676997,66259237.909840286,53935926590.85651,79780871.82924165,175585426.56332603
2924.39404296875,12433.673667682346,65293.90522164366,66301442.54010699,53968364101.03113,79915744.24158275,175807029.17637467
2927.109130859375,12390.69303815429,65293.90522164366,66335080.44810495,53994229127.95687,80023796.90080059,175984313.7827379
2931.0,12245.04844650731,65293.90522164366,66382725.7646877,54030879536.61013,80179419.39887193,176238359.2397382
2941.0,14212.446280943004,66207.16854674634,66524850.32884662,54140916647.83933,80628046.44185294,176900437.30100992
2944.300048828125,12231.317894017086,53627.66371221961,66565212.044557706,54171555087.63358,80766409.69917141,177077407.41683465
2947.64990234375,12166.58551410889,53627.66371221961,66605970.01834731,54202528027.95081,80907150.50496092,177257056.9920474
2951.0,12075.3671341614,53627.66371221961,66646426.08121995,54233261393.56916,81048325.30769359,177436719.14688167
2957.030029296875,11407.53234815199,56082.2193684588,66715211.45180067,54285470596.81844,81300288.83732902,177774884.53311995
2959.014892578125,11385.892696450126,56082.2193684588,66737810.74189728,54302620529.03729,81383289.18024993,177886214.18374896
2961.0,11476.622756127876,56082.2193684588,66760592.43650622,54319878947.912254,81466063.08998314,177997531.25475642
2966.955078125,14521.353383905964,58784.03092580696,66847071.04478295,54387289843.84788,81715504.40549979,178347596.96297154
2971.0,14568.023288427898,58784.03092580696,66905993.99207631,54433157097.99251,81884719.1846451,178585376.96932065
2976.0,13093.468060822684,83943.61797983343,66971464.63238124,54483888170.55239,82098792.89420205,179005096.0420027
2981.0,12932.389938134716,83943.61797983343,67036123.88709684,54533995444.83969,82313992.47988683,179424815.11468482
2984.300048828125,10777.933960622318,62221.670492131816,67071692.76700119,54560845892.22503,82464256.05918212,179630139.6974607
2987.64990234375,10830.507472933625,62221.670492131816,67107972.39552255,54588216171.50419,82616563.82697769,179838584.02637848
2991.0,10646.085952193858,62221.670492131816,67143641.91239922,54615129902.77227,82769727.00903794,180047028.35529628
2997.030029296875,10541.637624812543,57588.83174685369,67207206.74004084,54663374822.79648,83032030.98757926,180394288.807908
3001.0,10502.728634263163,57588.83174685369,67248901.89563517,54695061966.93305,83204906.43659271,180622910.849776
3006.0,13254.573824280636,57725.22359074807,67315177.63171867,54746805581.61656,83424835.95997652,180911537.6863897
3008.5,13262.466799709788,57725.22359074807,67348331.22428733,54772675128.81964,83534788.1420469,181055851.1046966
3011.0,13215.743149246216,57725.22359074807,67381371.60026214,54798445229.9213,83644903.85919729,181200164.5230035
3016.0,11852.928037704283,55445.99640972263,67440634.19733708,54844633423.7569,83852694.04779501,181477394.222502
3021.0,11898.881585604096,55445.99640972263,67500129.5174105,54890993388.131325,84060163.45604345,181754623.92200053
3031.0,7586.395525460365,51400.720583219794,67575990.92510748,54948880059.71663,84458912.29961838,182268639.83774647
3036.0,7672.269255411522,46495.79531179586,67614352.4809937,54977882159.11467,84649443.24746321,182501111.24380565
3041.0,7641.846749046811,46495.79531179586,67652563.08142146,55006762211.0246,84840194.338685,182733595.2294864
3043.35302734375,9700.371595329214,55965.20677552081,67675388.80470578,55023776534.923325,84936981.94681376,182865278.70776716
3047.176513671875,9586.636737031988,55965.20677552081,67712045.82187335,55051115172.26112,85094862.48695154,183079258.0701625
3051.0,9460.32072159643,55965.20677552081,67748212.23380084,55078123829.35329,85253403.45722015,183293250.01217943
3061.0,9299.847624651477,55396.32287486229,67841213.37584607,55147794863.95772,85672719.98201297,183847206.2263149
3066.0,9033.632458730057,54231.9339408527,67886380.50698544,55181674342.60303,85877698.6251965,184118372.54823112
3071.0,8896.59643133518,54231.9339408527,67930862.04875088,55215070151.57322,86083614.45018476,184389526.29052585
3073.5,8740.502860834571,55290.931690104815,67952712.85136586,55231474238.03136,86185383.58844337,184527751.17200732
3081.0,8698.51499562849,55290.931690104815,68017957.05848306,55280478564.64829,86491125.0001623,184942438.39607343
3084.75,8629.518259150887,52454.82284498783,68050318.13489471,55304752453.9512,86643137.14685166,185139145.93809444
3091.0,8641.649485977792,52454.82284498783,68104322.45016594,55345267699.72811,86896383.79788417,185466983.4550484
3101.0,9002.21565244504,55691.53244069918,68194348.51171695,55412972413.69068,87322222.85644548,186023895.8802457
3106.71435546875,9020.549160936993,55433.80375896243,68245893.5109771,55451697629.6419,87562638.29350719,186340663.33024445
3111.0,8813.777006467404,55433.80375896243,68283663.82465094,55480094011.8767,87744162.23232938,186578242.0626489
3114.8095703125,7052.656096039057,41309.44093397108,68310533.8962604,55500168563.53299,87870807.57218334,186735613.12811428
3121.0,7046.0207756442405,41309.44093397108,68354153.73395033,55532786884.80111,88076660.4990639,186991331.67477944
3131.0,5906.455172579412,36000.54580921123,68413215.05708064,55577049440.49089,88301181.58430982,187351335.28401116
3141.0,6499.227992597351,27591.21315596449,68478207.67176706,55625701185.47548,88539798.13549131,187627256.7028695
3151.0,5947.570050133456,33258.716559317625,68537684.12240817,55669914018.11454,88755538.6449023,187959836.737144
3161.0,5305.714900613196,28574.73931836993,68590744.96606389,55708598551.569725,88944402.7928931,188245582.8404251
3171.0,5521.109823619462,9887.101888161922,68645950.63519219,55748942026.8078,89105849.65573746,188344458.66572952
3181.0,5818.707244863414,0.0,68704137.67462544,55791432633.78124,89264529.00184302,188344458.66572952
3186.0,5904.374436838848,0.0,68733662.04637983,55812985316.12692,89343302.5919265,188344458.66572952
3197.0,0.0,0.0,68733662.04637983,55812985316.12692,89343302.5919265,188344458.66572952
